Name,Location,State
Abston Air National Guard Station,Montgomery,Alabama
Atlantic City Air National Guard Base,Atlantic City,New Jersey
Bangor Air National Guard Base,Bangor,Maine
Barnes Air National Guard Base,Westfield,Massachusetts
Battle Creek Air National Guard Base,Springfield,Michigan
Berry Field Air National Guard Base,Nashville,Tennessee
Bradley Air National Guard Base,Windsor Locks,Connecticut
Brunswick Air National Guard Station,Brunswick,Georgia
Burlington Air National Guard Base,Burlington,Vermont
Capital Airport Air National Guard Station,Springfield,Illinois
Channel Islands Air National Guard Station,Oxnard,California
Charlotte Air National Guard Base,Charlotte,North Carolina
Dallas Air Guard Station,Grand Prairie,Texas
Des Moines Air National Guard Base,Des Moines,Iowa
Dobbins Air Reserve Base,Marietta,Georgia
Duke Field,Crestview,Florida
Duluth Air National Guard Base,Duluth,Minnesota
Ebbing Air National Guard Base,Fort Smith,Arkansas
Ellington Field Joint Reserve Base,Houston,Texas
Fargo Air National Guard Base,Fargo,North Dakota
Forbes Field Air National Guard Base,Topeka,Kansas
Fort Dodge Air National Guard Station,Fort Dodge,Iowa
Fort Wayne Air National Guard Base,Fort Wayne,Indiana
Naval Air Station Joint Reserve Base Fort Worth,Fort Worth,Texas
Francis S. Gabreski Air National Guard Base,Westhampton Beach,New York
Fresno Air National Guard Base,Fresno,California
General Mitchell Air National Guard Base,Milwaukee,Wisconsin
Gowen Field Air National Guard Base,Boise,Idaho
Great Falls Air National Guard Base,Great Falls,Montana
Greeley Air National Guard Station,Greeley,Colorado
Grissom Air Reserve Base,Kokomo,Indiana
Goldwater Air National Guard Base,Phoenix,Arizona
Gulfport Combat Readiness Training Center,Gulfport,Mississippi
Hall Air Guard Station,Dothan,Alabama
Hancock Field Air National Guard Base,Syracuse,New York
Harrisburg Air Station Middletown,Middletown,Pennsylvania
Homestead Air Reserve Base,Homestead,Florida
Horsham Air National Guard Station,Horsham Township,Pennsylvania
Hulman Field Air National Guard Base,Terre Haute,Indiana
Jackson Air National Guard Base,Jackson,Mississippi
Jacksonville Air National Guard Base,"Jacksonville, Florida",Florida
Jefferson Barracks Air National Guard Station,St Louis,Missouri
Joe Foss Field Air National Guard Station,Sioux Falls,South Dakota
Johnstown Air National Guard Station,Johnstown,Pennsylvania
Key Field Air National Guard Base,Meridian,Mississippi
Kingsley Field Air National Guard Base,Klamath Falls,Oregon
Lincoln Air National Guard Base,Lincoln,Nebraska
Louisville Air National Guard Base,Louisville,Kentucky
Mansfield Lahm Air National Guard Base,Mansfield,Ohio
March Joint Air Reserve Base,Riverside,California
McEntire Joint National Guard Base,Eastover,South Carolina
McGhee Tyson Air National Guard Base,Knoxville,Tennessee
McLaughlin Air National Guard Base,Charleston,West Virginia
Memphis Air National Guard Base,Memphis,Tennessee
Minneapolis-Saint Paul Joint Air Reserve Station,Minneapolis â€“ Saint Paul,Minnesota
Moffett Federal Airfield,Mountain View,California
Montgomery Air National Guard Base,Montgomery,Alabama
Morris Air National Guard Base,Tucson,Arizona
New Castle Air National Guard Base,New Castle,Delaware
New London Air National Guard Base,New London,North Carolina
Naval Air Station Joint Reserve Base New Orleans,Belle Chasse,Louisiana
Niagara Falls Air Reserve Station,Niagara Falls,New York
North Highlands Air National Guard Station,"Sacramento, California",California
North Smithfield Air National Guard Station,North Smithfield,Rhode Island
Otis Air National Guard Base,Mashpee,Massachusetts
Pease Air National Guard Base,Portsmouth,New Hampshire
Peoria Air National Guard Base,Peoria,Illinois
Pittsburgh International Airport Air Reserve Station,Pittsburgh,Pennsylvania
Portland Air National Guard Base,Portland,Oregon
Quonset Point Air National Guard Station,North Kingstown,Rhode Island
Reno Air National Guard Base,Reno,Nevada
Rickenbacker Air National Guard Base,Columbus,Ohio
Roland R. Wright Air National Guard Base,Salt Lake City,Utah
Rosecrans Air National Guard Base,St. Joseph,Missouri
Savannah Air National Guard Base,Savannah,Georgia
Selfridge Air National Guard Base,Mount Clemens,Michigan
Sepulveda Air National Guard Station,Van Nuys,California
Shepherd Field Air National Guard Base,Martinsburg,West Virginia
Sioux City Air National Guard Base,Sioux City,Iowa
South Portland Air National Guard Station,South Portland,Maine
Springfield Air National Guard Base,Springfield,Ohio
Stewart Air National Guard Base,Newburgh,New York
Stratton Air National Guard Base,Schenectady,New York
Sumpter Smith Air National Guard Base,Birmingham,Alabama
Toledo Air National Guard Base,Toledo,Ohio
Truax Field Air National Guard Base,Madison,Wisconsin
Tulsa Air National Guard Base,Tulsa,Oklahoma
Volk Field Air National Guard Base,New Lisbon,Wisconsin
Warfield Air National Guard Base,Middle River,Maryland
Westover Air Reserve Base,Chicopee,Massachusetts
Will Rogers Air National Guard Base,Oklahoma City,Oklahoma
Wyoming Air National Guard Base,Cheyenne,Wyoming
Youngstown Air Reserve Station,Youngstown,Ohio
